{
  "Profiles": [
    {
      "Use Non-ASCII Font": false,
      "Tags": [
        "Dynamic"
      ],
      "Ansi 12 Color": {
        "Green Component": 0.85098040103912354,
        "Blue Component": 0.93725490570068359,
        "Red Component": 0.40000000596046448
      },
      "Ansi 7 Color": {
        "Green Component": 0.80000001192092896,
        "Blue Component": 0.7764706015586853,
        "Red Component": 0.80000001192092896
      },
      "Ansi 8 Color": {
        "Green Component": 0.32549020648002625,
        "Blue Component": 0.32941177487373352,
        "Red Component": 0.31372550129890442
      },
      "Bold Color": {
        "Green Component": 1,
        "Blue Component": 1,
        "Red Component": 1
      },
      "Ansi 9 Color": {
        "Green Component": 0.40000000596046448,
        "Blue Component": 0.61568629741668701,
        "Red Component": 1
      },
      "Transparency": 0.20232525887573966,
      "Ansi 1 Color": {
        "Green Component": 0.14901961386203766,
        "Blue Component": 0.44705882668495178,
        "Red Component": 0.97647058963775635
      },
      "Rows": 40,
      "Default Bookmark": "No",
      "Cursor Guide Color": {
        "Red Component": 0.65000000000000002,
        "Color Space": "Calibrated",
        "Blue Component": 1,
        "Alpha Component": 0.25,
        "Green Component": 0.91000000000000003
      },
      "Non-ASCII Anti Aliased": true,
      "Use Bright Bold": true,
      "Ansi 10 Color": {
        "Green Component": 0.92941176891326904,
        "Blue Component": 0.37254902720451355,
        "Red Component": 0.7450980544090271
      },
      "Ambiguous Double Width": false,
      "Jobs to Ignore": [
        "rlogin",
        "ssh",
        "slogin",
        "telnet"
      ],
      "Ansi 15 Color": {
        "Green Component": 0.97254902124404907,
        "Blue Component": 0.94901961088180542,
        "Red Component": 0.97254902124404907
      },
      "Foreground Color": {
        "Green Component": 0.62745100259780884,
        "Blue Component": 0.62745100259780884,
        "Red Component": 0.62745100259780884
      },
      "Bound Hosts": [],
      "Working Directory": "\/Users\/keid",
      "Blinking Cursor": false,
      "Use Tab Color": false,
      "Sync Title": false,
      "Prompt Before Closing 2": false,
      "BM Growl": true,
      "Command": "",
      "Description": "Default",
      "Dynamic Profile Filename": "\/Users\/keid\/Library\/Application Support\/iTerm2\/DynamicProfiles\/profiles.json",
      "Disable Window Resizing": true,
      "Screen": -1,
      "Selection Color": {
        "Green Component": 0.23080787062644958,
        "Blue Component": 0.22383280098438263,
        "Red Component": 0.27125817537307739
      },
      "Mouse Reporting": true,
      "Columns": 80,
      "Idle Code": 0,
      "Ansi 13 Color": {
        "Green Component": 0.43529412150382996,
        "Blue Component": 0.99607843160629272,
        "Red Component": 0.61960786581039429
      },
      "Custom Command": "No",
      "ASCII Anti Aliased": true,
      "Non Ascii Font": "Monaco 12",
      "Vertical Spacing": 1,
      "Use Bold Font": true,
      "Option Key Sends": 0,
      "Selected Text Color": {
        "Green Component": 0.73378461599349976,
        "Blue Component": 0.7527463436126709,
        "Red Component": 0.7153552770614624
      },
      "Background Color": {
        "Green Component": 0.070588238537311554,
        "Blue Component": 0.070588238537311554,
        "Red Component": 0.070588238537311554
      },
      "Character Encoding": 4,
      "Ansi 11 Color": {
        "Green Component": 0.85882353782653809,
        "Blue Component": 0.45490196347236633,
        "Red Component": 0.90196079015731812
      },
      "Use Italic Font": true,
      "Unlimited Scrollback": false,
      "Keyboard Map": {
        "0xf700-0x260000": {
          "Text": "[1;6A",
          "Action": 10
        },
        "0x37-0x40000": {
          "Text": "0x1f",
          "Action": 11
        },
        "0x32-0x40000": {
          "Text": "0x00",
          "Action": 11
        },
        "0xf709-0x20000": {
          "Text": "[17;2~",
          "Action": 10
        },
        "0xf70c-0x20000": {
          "Text": "[20;2~",
          "Action": 10
        },
        "0xf729-0x20000": {
          "Text": "[1;2H",
          "Action": 10
        },
        "0xf72b-0x40000": {
          "Text": "[1;5F",
          "Action": 10
        },
        "0xf705-0x20000": {
          "Text": "[1;2Q",
          "Action": 10
        },
        "0xf703-0x260000": {
          "Text": "[1;6C",
          "Action": 10
        },
        "0xf700-0x220000": {
          "Text": "[1;2A",
          "Action": 10
        },
        "0xf701-0x280000": {
          "Text": "0x1b 0x1b 0x5b 0x42",
          "Action": 11
        },
        "0x38-0x40000": {
          "Text": "0x7f",
          "Action": 11
        },
        "0x33-0x40000": {
          "Text": "0x1b",
          "Action": 11
        },
        "0xf703-0x220000": {
          "Text": "[1;2C",
          "Action": 10
        },
        "0xf701-0x240000": {
          "Text": "[1;5B",
          "Action": 10
        },
        "0xf70d-0x20000": {
          "Text": "[21;2~",
          "Action": 10
        },
        "0xf702-0x260000": {
          "Text": "[1;6D",
          "Action": 10
        },
        "0xf729-0x40000": {
          "Text": "[1;5H",
          "Action": 10
        },
        "0xf706-0x20000": {
          "Text": "[1;2R",
          "Action": 10
        },
        "0x34-0x40000": {
          "Text": "0x1c",
          "Action": 11
        },
        "0xf700-0x280000": {
          "Text": "0x1b 0x1b 0x5b 0x41",
          "Action": 11
        },
        "0x2d-0x40000": {
          "Text": "0x1f",
          "Action": 11
        },
        "0xf70e-0x20000": {
          "Text": "[23;2~",
          "Action": 10
        },
        "0xf702-0x220000": {
          "Text": "[1;2D",
          "Action": 10
        },
        "0xf703-0x280000": {
          "Text": "0x1b 0x1b 0x5b 0x43",
          "Action": 11
        },
        "0xf700-0x240000": {
          "Text": "[1;5A",
          "Action": 10
        },
        "0xf707-0x20000": {
          "Text": "[1;2S",
          "Action": 10
        },
        "0xf70a-0x20000": {
          "Text": "[18;2~",
          "Action": 10
        },
        "0x35-0x40000": {
          "Text": "0x1d",
          "Action": 11
        },
        "0xf70f-0x20000": {
          "Text": "[24;2~",
          "Action": 10
        },
        "0xf703-0x240000": {
          "Text": "[1;5C",
          "Action": 10
        },
        "0xf701-0x260000": {
          "Text": "[1;6B",
          "Action": 10
        },
        "0xf702-0x280000": {
          "Text": "0x1b 0x1b 0x5b 0x44",
          "Action": 11
        },
        "0xf72b-0x20000": {
          "Text": "[1;2F",
          "Action": 10
        },
        "0x36-0x40000": {
          "Text": "0x1e",
          "Action": 11
        },
        "0xf708-0x20000": {
          "Text": "[15;2~",
          "Action": 10
        },
        "0xf701-0x220000": {
          "Text": "[1;2B",
          "Action": 10
        },
        "0xf70b-0x20000": {
          "Text": "[19;2~",
          "Action": 10
        },
        "0xf702-0x240000": {
          "Text": "[1;5D",
          "Action": 10
        },
        "0xf704-0x20000": {
          "Text": "[1;2P",
          "Action": 10
        }
      },
      "Window Type": 1,
      "Blur Radius": 4.4375300480769226,
      "Cursor Boost": 0,
      "Background Image Location": "",
      "Blur": true,
      "Badge Color": {
        "Red Component": 1,
        "Color Space": "Calibrated",
        "Blue Component": 0,
        "Alpha Component": 0.5,
        "Green Component": 0
      },
      "Scrollback Lines": 1000,
      "Send Code When Idle": false,
      "Close Sessions On End": true,
      "Terminal Type": "xterm-256color",
      "Visual Bell": true,